id,Conference,Division,Team,City,Arena,Capacity,Joined,General manager,Head coach,Captain,Logo
1,Eastern,Atlantic,Boston Bruins,"Boston, Massachusetts",TD Garden,"17,850",1924.0,Don Sweeney,Bruce Cassidy,Zdeno Chara,https://upload.wikimedia.org/wikipedia/en/thumb/1/12/Boston_Bruins.svg/220px-Boston_Bruins.svg.png
2,Eastern,Atlantic,Buffalo Sabres,"Buffalo, New York",KeyBank Center,"19,070",1970.0,Kevyn Adams,Ralph Krueger,Jack Eichel,https://upload.wikimedia.org/wikipedia/en/thumb/9/9e/Buffalo_Sabres_Logo.svg/220px-Buffalo_Sabres_Logo.svg.png
3,Eastern,Atlantic,Detroit Red Wings,"Detroit, Michigan",Little Caesars Arena,"19,515",1926.0,Steve Yzerman,Jeff Blashill,Vacant,https://upload.wikimedia.org/wikipedia/en/thumb/e/e0/Detroit_Red_Wings_logo.svg/220px-Detroit_Red_Wings_logo.svg.png
4,Eastern,Atlantic,Florida Panthers,"Sunrise, Florida",BB&T Center,"19,250",1993.0,Dale Tallon,Joel Quenneville,Aleksander Barkov,https://upload.wikimedia.org/wikipedia/en/thumb/4/43/Florida_Panthers_2016_logo.svg/220px-Florida_Panthers_2016_logo.svg.png
5,Eastern,Atlantic,Montreal Canadiens,"Montreal, Quebec",Bell Centre,"21,302",1917.0,Marc Bergevin,Claude Julien,Shea Weber,https://sportslogohistory.com/wp-content/uploads/2017/12/montreal_canadiens_1948-1956.png
6,Eastern,Atlantic,Ottawa Senators,"Ottawa, Ontario",Canadian Tire Centre,"18,652",1992.0,Pierre Dorion,D. J. Smith,Vacant,https://upload.wikimedia.org/wikipedia/en/thumb/d/db/Ottawa_Senators.svg/1200px-Ottawa_Senators.svg.png
7,Eastern,Atlantic,Tampa Bay Lightning,"Tampa, Florida",Amalie Arena,"19,092",1992.0,Julien BriseBois,Jon Cooper,Steven Stamkos,https://upload.wikimedia.org/wikipedia/en/thumb/2/2f/Tampa_Bay_Lightning_Logo_2011.svg/220px-Tampa_Bay_Lightning_Logo_2011.svg.png
8,Eastern,Atlantic,Toronto Maple Leafs,"Toronto, Ontario",Scotiabank Arena,"18,819",1917.0,Kyle Dubas,Sheldon Keefe,John Tavares,https://upload.wikimedia.org/wikipedia/en/thumb/b/b6/Toronto_Maple_Leafs_2016_logo.svg/220px-Toronto_Maple_Leafs_2016_logo.svg.png
9,Eastern,Metropolitan,Carolina Hurricanes,"Raleigh, North Carolina",PNC Arena,"18,680",1979.0,Don Waddell,Rod Brind'Amour,Jordan Staal,https://upload.wikimedia.org/wikipedia/en/thumb/3/32/Carolina_Hurricanes.svg/220px-Carolina_Hurricanes.svg.png
10,Eastern,Metropolitan,Columbus Blue Jackets,"Columbus, Ohio",Nationwide Arena,"18,144",2000.0,Jarmo Kekalainen,John Tortorella,Nick Foligno,https://upload.wikimedia.org/wikipedia/en/thumb/5/5d/Columbus_Blue_Jackets_logo.svg/220px-Columbus_Blue_Jackets_logo.svg.png
11,Eastern,Metropolitan,New Jersey Devils,"Newark, New Jersey",Prudential Center,"16,514",1974.0,Tom Fitzgerald,Lindy Ruff,Vacant,https://upload.wikimedia.org/wikipedia/en/thumb/9/9f/New_Jersey_Devils_logo.svg/220px-New_Jersey_Devils_logo.svg.png
12,Eastern,Metropolitan,New York Islanders,"Uniondale, New York",Nassau Coliseum,"13,900",1972.0,Lou Lamoriello,Barry Trotz,Anders Lee,https://upload.wikimedia.org/wikipedia/en/thumb/4/42/Logo_New_York_Islanders.svg/220px-Logo_New_York_Islanders.svg.png
13,Eastern,Metropolitan,New York Rangers,"New York City, New York",Madison Square Garden,"18,006",1926.0,Jeff Gorton,David Quinn,Vacant,https://upload.wikimedia.org/wikipedia/commons/thumb/4/4c/New_York_Rangers_Logo.svg/400px-New_York_Rangers_Logo.svg.png
14,Eastern,Metropolitan,Philadelphia Flyers,"Philadelphia, Pennsylvania",Wells Fargo Center,"19,500",1967.0,Chuck Fletcher,Alain Vigneault,Claude Giroux,https://upload.wikimedia.org/wikipedia/commons/thumb/5/5b/Logo_Philadelphia_Flyers.svg/300px-Logo_Philadelphia_Flyers.svg.png
15,Eastern,Metropolitan,Pittsburgh Penguins,"Pittsburgh, Pennsylvania",PPG Paints Arena,"18,387",1967.0,Jim Rutherford,Mike Sullivan,Sidney Crosby,https://upload.wikimedia.org/wikipedia/en/thumb/c/c0/Pittsburgh_Penguins_logo_%282016%29.svg/220px-Pittsburgh_Penguins_logo_%282016%29.svg.png
16,Eastern,Metropolitan,Washington Capitals,"Washington, D.C.",Capital One Arena,"18,506",1974.0,Brian MacLellan,Todd Reirden,Alexander Ovechkin,https://upload.wikimedia.org/wikipedia/en/thumb/2/2d/Washington_Capitals.svg/220px-Washington_Capitals.svg.png
17,Western,Central,Chicago Blackhawks,"Chicago, Illinois",United Center,"19,717",1926.0,Stan Bowman,Jeremy Colliton,Jonathan Toews,https://upload.wikimedia.org/wikipedia/en/thumb/2/29/Chicago_Blackhawks_logo.svg/220px-Chicago_Blackhawks_logo.svg.png
18,Western,Central,Colorado Avalanche,"Denver, Colorado",Pepsi Center,"18,007",1979.0,Joe Sakic,Jared Bednar,Gabriel Landeskog,https://upload.wikimedia.org/wikipedia/en/thumb/4/45/Colorado_Avalanche_logo.svg/220px-Colorado_Avalanche_logo.svg.png
19,Western,Central,Dallas Stars,"Dallas, Texas",American Airlines Center,"18,532",1967.0,Jim Nill,Rick Bowness,Jamie Benn,https://upload.wikimedia.org/wikipedia/en/thumb/c/ce/Dallas_Stars_logo_%282013%29.svg/220px-Dallas_Stars_logo_%282013%29.svg.png
20,Western,Central,Minnesota Wild,"Saint Paul, Minnesota",Xcel Energy Center,"17,954",2000.0,Bill Guerin,Dean Evason,Mikko Koivu,https://upload.wikimedia.org/wikipedia/en/thumb/1/1b/Minnesota_Wild.svg/220px-Minnesota_Wild.svg.png
21,Western,Central,Nashville Predators,"Nashville, Tennessee",Bridgestone Arena,"17,113",1998.0,David Poile,John Hynes,Roman Josi,https://upload.wikimedia.org/wikipedia/en/thumb/9/9c/Nashville_Predators_Logo_%282011%29.svg/220px-Nashville_Predators_Logo_%282011%29.svg.png
22,Western,Central,St. Louis Blues,"St. Louis, Missouri",Enterprise Center,"18,724",1967.0,Doug Armstrong,Craig Berube,Alex Pietrangelo,https://upload.wikimedia.org/wikipedia/en/thumb/e/ed/St._Louis_Blues_logo.svg/220px-St._Louis_Blues_logo.svg.png
23,Western,Central,Winnipeg Jets,"Winnipeg, Manitoba",Bell MTS Place,"15,321",1999.0,Kevin Cheveldayoff,Paul Maurice,Blake Wheeler,https://upload.wikimedia.org/wikipedia/en/thumb/9/93/Winnipeg_Jets_Logo_2011.svg/220px-Winnipeg_Jets_Logo_2011.svg.png
24,Western,Pacific,Anaheim Ducks,"Anaheim, California",Honda Center,"17,174",1993.0,Bob Murray,Dallas Eakins,Ryan Getzlaf,https://upload.wikimedia.org/wikipedia/en/thumb/7/72/Anaheim_Ducks.svg/220px-Anaheim_Ducks.svg.png
25,Western,Pacific,Arizona Coyotes,"Glendale, Arizona",Gila River Arena,"17,125",1979.0,Steve Sullivan,Rick Tocchet,Oliver Ekman-Larsson,https://upload.wikimedia.org/wikipedia/en/thumb/2/27/Arizona_Coyotes.svg/220px-Arizona_Coyotes.svg.png
26,Western,Pacific,Calgary Flames,"Calgary, Alberta",Scotiabank Saddledome,"19,289",1972.0,Brad Treliving,Geoff Ward,Mark Giordano,https://upload.wikimedia.org/wikipedia/en/thumb/6/60/Calgary_Flames_Logo.svg/220px-Calgary_Flames_Logo.svg.png
27,Western,Pacific,Edmonton Oilers,"Edmonton, Alberta",Rogers Place,"18,347",1979.0,Ken Holland,Dave Tippett,Connor McDavid,https://upload.wikimedia.org/wikipedia/en/thumb/4/4d/Logo_Edmonton_Oilers.svg/220px-Logo_Edmonton_Oilers.svg.png
28,Western,Pacific,Los Angeles Kings,"Los Angeles, California",Staples Center,"18,230",1967.0,Rob Blake,Todd McLellan,Anze Kopitar,https://upload.wikimedia.org/wikipedia/en/thumb/6/63/Los_Angeles_Kings_logo.svg/220px-Los_Angeles_Kings_logo.svg.png
29,Western,Pacific,San Jose Sharks,"San Jose, California",SAP Center,"17,562",1991.0,Doug Wilson,Bob Boughner,Logan Couture,https://upload.wikimedia.org/wikipedia/en/thumb/3/37/SanJoseSharksLogo.svg/220px-SanJoseSharksLogo.svg.png
30,Western,Pacific,Vancouver Canucks,"Vancouver, British Columbia",Rogers Arena,"18,910",1970.0,Jim Benning,Travis Green,Bo Horvat,https://upload.wikimedia.org/wikipedia/en/thumb/3/3a/Vancouver_Canucks_logo.svg/220px-Vancouver_Canucks_logo.svg.png
31,Western,Pacific,Vegas Golden Knights,"Paradise, Nevada",T-Mobile Arena,"17,356",2017.0,Kelly McCrimmon,Peter DeBoer,Vacant,https://upload.wikimedia.org/wikipedia/en/thumb/a/ac/Vegas_Golden_Knights_logo.svg/220px-Vegas_Golden_Knights_logo.svg.png
32,Western,Pacific,Seattle Kraken,"Seattle, Washington",Climate Pledge Arena,"17,100",2021.0,Ron Francis,TBD,TBD,https://upload.wikimedia.org/wikipedia/en/thumb/4/48/Seattle_Kraken_official_logo.svg/220px-Seattle_Kraken_official_logo.svg.png
